commentId,creationTime,nickname,referenceName,userLevelId,isPlus,score,content
103541140161515728,2026-01-14 16:21:45,兔斯基只会茫然,"[{""颜色"": ""雪山白 ""}]",,否,1,耳机很好用，音质清晰，连接稳定，用起来非常方便，降噪效果明显，还有很多模式自去调，小巧挂耳也不会掉，只要没有那种软硅胶塞耳的我很喜欢，体验感还不错
103572610164202156,2025-12-31 18:29:33,3***u,"[{""颜色"": ""雪山白 ""}]",,否,1,在京东买的小米蓝牙耳机到手啦😍!音质超棒，听歌、通话都超清晰。佩戴也舒适，久戴不痛。续航给力，充电一次能用好久。必须给个五星好评👍!
103564780155733649,2025-12-26 06:38:08,j***1,"[{""颜色"": ""雪山白 ""}]",,否,1,挑选了很久，买了小米的这款蓝牙耳机，做工很精细，质感高级，试用后感觉音质还是挺不错的，续航能力也还挺好的。佩戴久了耳朵也不会难受？
24941271999,2025-11-07 10:29:32,3***n,"[{""颜色"": ""钛光金 ""}]",,否,1,外观漂亮大方，做工精细，耳机音质很好。美中不足是耳机续航时间较短，在听音乐的情况下两小时电量从100%降到30%，放回充电盒中充电30分钟充到100%，充电盒电量从100%降到84%左右。
103700070164097427,2026-01-08 07:40:45,j***2,"[{""颜色"": ""雪山白 ""}]",,否,1,给家人买的小礼物，价格实惠，产品设计的还不错，功能比较齐备，在这个价格还算不错了，当然还可以做的更好一些，还有很大的提升空间
102670470145152113,2025-11-24 22:07:14,快***买,"[{""颜色"": ""雪山白 ""}]",,否,1,外观不错白色的好看 音质也挺好的， 就是价格买的早了点略贵 现在小米除了便宜货 稍微上点档次的已经没啥性价比了 快递给力速度很快
103393330153018500,2026-01-05 11:47:22,面***娇,"[{""颜色"": ""钛光金 ""}]",,否,1,质量很好，续航时间长，银色超级好看，推荐，音效环绕超级舒适，价格也很优惠，不错不错推荐推荐，做工细致精致大方大气不失时尚
25015470505,2025-11-15 21:01:09,衡州府文文,"[{""颜色"": ""月影黑 ""}]",,否,1,小米的耳机不是第一次买了，就是看中它的性价比，主要是音质音效很好，做工质感也好，续航能力强，无损音乐，听着太舒服了。给力。
103822090168349126,2026-01-19 23:01:47,涛声依旧王涛,"[{""颜色"": ""雪山白 ""}]",,否,1,年终给北京分公司的同事安排礼品奖励，在京东商城闲逛，发现这款小米蓝牙耳机非常漂亮，销量也很火爆，听说是雷军同款，可以很好的适配苹果和安卓手机。
103185090148430320,2025-11-16 11:16:27,j***N,"[{""颜色"": ""冰霜蓝 ""}]",,否,1,第二次购买了。是收到第一款的第二天， 送给侄子的礼物🎁。他很喜欢。 他说音质不错，连接手机顺畅，不容易掉。已经丝滑切换到安卓阵营。
23770317971,2025-06-14 21:03:55,1***r,"[{""颜色"": ""冰霜蓝 ""}]",,否,1,买了冰霜蓝，颜色好看不落凡俗。半入耳式佩戴舒适，自带降噪功能。音质好。和手机连接响应速度快。有国补，价格好。充电速度也杠杠的。值得购买！
23820714546,2025-06-20 15:47:36,y***5,"[{""颜色"": ""钛光金 ""}]",,否,1,续航能力：开降噪3h出头。 舒适度：很好，几乎无感佩戴。 音质音效：开降噪后音质依旧不错，解析力可以，到手固件比较老，更新后音质有较大提升。另外需要手动将系统设置中的音效切换至原声。澎湃系统bug之处在于每次耳机连接都默认切换到小米音效，耳机声音闷、糊、低沉，澎湃系统扣大分。 做工质感：颜色很高级。
24130801557,2025-08-02 14:35:37,N***U,"[{""颜色"": ""雪山白 ""}]",,否,1,耳机小巧，造型很好看，降噪效果很不错，能够过滤掉一些环境声，不管是听歌还是外出出差，携带也方便，就是触摸操作需要用力按，操作失败率比较高
23571747149,2025-05-23 01:45:16,是***卜,"[{""颜色"": ""钛光金 ""}]",,否,1,一直是小米的粉丝儿，这次买了这个耳机换下了用了三年的3Pro，5代开放入耳，不压耳，不硌耳，但佩戴起来又很紧实，运动，骑车都不会掉，音质来讲，低音明显，高音洪亮，日唱使用绝佳选择
24264980904,2025-08-20 09:28:47,SenlerWang,"[{""颜色"": ""冰霜蓝 ""}]",,否,1,等了很久终于乘国补的机会拿下，当时在小米之家试听了一下，音质远高于预期，不过价格有点超预期。 做工质感：正常水平，也挑不出什么毛病。 音质音效：最满意的就是音质，低音刚刚好，三频不像其他耳机的黏在一起，不管是听音乐还是听小说，都很棒。 舒适度：戴久了不疼。 续航能力：中规中矩，不短也不长。
23622664935,2025-05-27 20:03:45,繁***w,"[{""颜色"": ""冰霜蓝 ""}]",,否,1,用的小米手机，自然搭配小米耳机效果更加，个人不习惯佩戴入耳式耳机，这款buds 5正好符合我的要求，蓝色的是磨砂外观，音质不错，延迟低，叠加国补价格优！
23598533554,2025-05-25 14:57:43,D***子,"[{""颜色"": ""钛光金 ""}]",,否,1,"耳机用起来确实不错，我是小米手机，打开就直接连上了，有降噪的功能，但是没那么明显。电量目前还比较耐用，后续再看看，我戴着跑步也没有掉，入耳也ok,不是那种浅浅的"
24444544017,2025-09-11 00:35:57,j***3,"[{""颜色"": ""雪山白 ""}]",,否,1,这款耳机太好看了，简直是物美价廉。音质也不错。买这个小包包配上很好看。降噪效果也还可以，续航能力很棒。最主要的是这个质感特别棒。磁吸的！
23663817640,2025-06-01 12:44:39,q***_,"[{""颜色"": ""钛光金 ""}]",,否,1,续航还可以，外观非常喜欢，音质方面的话也是比较突出的，佩戴没有入耳式耳机那种涨耳朵的感觉。耳朵佩戴的感觉很不错。 音质音效：音质确实挺不错的，高音，低音都还可以。
23604824422,2025-05-26 06:24:04,栗***丶,"[{""颜色"": ""月影黑 ""}]",,否,1,小米的耳机第一次买，感觉还行。四五百块的还有降噪。没的说。 做工质感：还可以 音质音效：也还行 舒适度：比入耳的好 续航能力：挺强
23787561841,2025-06-16 21:46:51,C***s,"[{""颜色"": ""钛光金 ""}]",,否,1,本人使用是米系设备（小米14pr、平板7pad pro），和电脑（已安装小米电脑管家）联动起来很不错，对比我以前用的耳机（redmi buds 5）来说音质有了很大的进步，降噪也没太严重的耳压感，使用起来还不错
23803649743,2025-06-18 14:21:34,y***4,"[{""颜色"": ""冰霜蓝 ""}]",,否,1,非常有质感，本人耳朵有点小，带平常的那种总感觉会掉，这个就不会，而且当耳机拿掉的时候视频或者歌曲会暂停，非常喜欢，很舒适。
24232797200,2025-08-16 07:47:23,不***一,"[{""颜色"": ""钛光金 ""}]",,否,1,物超所值！佩戴舒适稳固，音质清晰均衡，日常听歌通话够用。蓝牙连接快且稳定，续航持久，充电方便。作为入门或通勤运动耳机，性价比很高，值得入手！
23630166757,2025-05-28 16:45:05,俊***2,"[{""颜色"": ""月影黑 ""}]",,否,1,做工质感：外观不错 音质音效：音效很好，没有任何卡顿 舒适度：佩戴舒适，长时间都不会耳朵疼 续航能力：续航正常
24793226023,2025-10-22 08:35:09,小玥玥de麻麻,"[{""颜色"": ""钛光金 ""}]",,否,1,给老公买的，他很喜欢，新换的手机小米17Pro，配件也必须得跟上，京东速度很快，中午买晚上就到，降噪效果很棒，音质也很好、果然贵有贵的道理可言。
23423479569,2025-05-14 18:35:48,眭***越,"[{""颜色"": ""月影黑 ""}]",,否,1,买的是黑色的小米耳机，做工精细，外壳是磨砂质感和黑亮质感的结合，很喜欢，耳机轻巧，试听，音质通透，听音乐很享受，不过是入耳式，长时间听不知道会不会耳朵不舒服。
23720496895,2025-06-08 12:12:35,j***r,"[{""颜色"": ""钛光金 ""}]",,否,1,做工质感：银色高级感 音质音效：哈曼调音，沉浸感十足 舒适度：待久不疼，买过最好耳机了 其他特色：喜欢可冲！
24163926167,2025-08-06 20:10:47,t***g,"[{""颜色"": ""月影黑 ""}]",,否,1,耳机可以的，跟小米手机链连接很方便，音质也很OK，带起来也很有型，做工质量也很优，再加上是我喜欢的颜色，真是爱不释手，一如既往支持小米。
24569619419,2025-09-22 23:08:56,齐鲁莽夫,"[{""颜色"": ""月影黑 ""}]",,否,1,非常满意的一次购物，和我的小米14手机丝滑连接，不需要做任何设置，音质也不错，待机时间足够长，戴在耳朵上几乎无感觉，很好。
24794741477,2025-10-22 11:21:23,不要乱拔草,"[{""颜色"": ""月影黑 ""}]",,否,1,以前用小米buds3pro，用了三年，一直都很好用，最近不能充电了，选了很多款耳机，最后还是买了小米Buds5，可能是习惯了，音质可以，对于听听歌，看看视频的我够用了。
23690729406,2025-06-04 18:46:39,吾***蝣,"[{""颜色"": ""月影黑 ""}]",,否,1,做工质感很好，黑色看起来是亮银色，音质还不错，操作简单方便，佩戴舒适续航实测3小时左右，还可以，主要还有录音功能很不错！
24259674629,2025-08-19 18:11:27,mashenggui,"[{""颜色"": ""雪山白 ""}]",,否,1,十分精美，包装简洁，物流发货相当快，政府补贴也相当给力，测试了下，音质不错，降噪效果达到预算，性价比不愧为小米的拳头产品，体验感相当好的购物体验
23728524657,2025-06-09 12:59:07,s***e,"[{""颜色"": ""钛光金 ""}]",,否,1,第一次买小米的这款Buds5无线蓝牙耳机，价格上算是中端的一款耳机了，拆开包装感觉还是很不错的，肉眼可见的做工非常精细，这个耳机配色设计简约有科技感，触感非常的细腻，总之没有让我失望。
23673680322,2025-06-02 18:04:22,搞***么,"[{""颜色"": ""月影黑 ""}]",,否,1,音质音效：音质非常的可以 舒适度：舒适度可以 可以长时间佩戴 做工质感：做工非常好 很圆润 续航能力：续航时间很长
24918758176,2025-11-05 00:23:32,这根烟灭我要走,"[{""颜色"": ""钛光金 ""}]",,否,1,性价比超高👍价格亲民，音质出色，低频浑厚、高频通透，细节还原度好。佩戴舒适，还支持多种音效模式，降噪功能也很实用，爱了!
23763865564,2025-06-13 21:43:30,j***k,"[{""颜色"": ""钛光金 ""}]",,否,1,音质清晰低音饱满，蓝牙连接稳定无延迟，佩戴舒适久戴不累，续航给力能用一整天，性价比超高！京东物流速度一如既往的快，包装完好无破损，还会回购！
23944942857,2025-07-08 16:07:27,事***顺,"[{""颜色"": ""月影黑 ""}]",,否,1,收到了耳机了，感谢快递员大雨帮我送到家里，打开快点看看耳机，非常喜欢，手感很好，拆开后链接了手机试了一下，听起来飘飘欲仙，音质非常好。
23869192051,2025-06-27 10:39:52,Q***5,"[{""颜色"": ""钛光金 ""}]",,否,1,做工质感：相当不错，感觉 音质音效：感觉可以 舒适度：戴起来比较舒服，但是也怕它容易掉 续航能力：续航能力超强可以 其他特色：是比较小巧且很便携，但是比较小，也是比较容易丢失的，也是怕容易掉丢失的，价格相对昂贵一点。
24897398922,2025-11-02 19:18:53,热心市民高le高,"[{""颜色"": ""钛光金 ""}]",,否,1,小米的耳机这是我买的第二个耳机了，跟第一个耳机相比的话这个耳机不用入耳特别深，所以戴的时间久了耳朵也没有闷的感觉，嗯降噪功能也是不错的，坐地铁使用感也很好
23592035160,2025-05-24 20:36:24,大***扬,"[{""颜色"": ""钛光金 ""}]",,否,1,这个耳机颜值很高，颜色很高级，很有质感，音质非常好，性价比很高，适配度很好，充一次电能用非常久，推荐大家购买，一定不会失望的啦
23580508007,2025-05-23 19:45:56,疯***调,"[{""颜色"": ""钛光金 ""}]",,否,1,这款耳机真的很不错，用着很顺手，声音也很清晰，值得推荐。 续航能力：中规中矩 音质音效：很棒 舒适度：中规中矩 做工质感：很棒
23742513301,2025-06-11 08:20:56,苦***噢,"[{""颜色"": ""钛光金 ""}]",,否,1,因为小米手机买了小米的耳机，音乐声音效果都很好，续航也不错，入耳也挺舒服，就是好像有个小bug，有时候刚连接上了蓝牙，却没有声音，要等一会才会有。
23738862979,2025-06-10 17:02:30,l***3,"[{""颜色"": ""月影黑 ""}]",,否,1,外观小巧，做工精致，音色特别好，充电也快，一直用小米的耳塞，中间换了一个品牌，感觉没有小米好用，果断换回来，物有所值！
23806796966,2025-06-18 21:09:08,锤***社,"[{""颜色"": ""雪山白 ""}]",,否,1,这个耳机匹配小米手机音质无敌了，不愧是米家自家产品开盖即链接，我以前使用漫步者的感觉匹配性很差要开关蓝牙几次才能链接，小米耳机秒连，颜值好看又轻巧待机时间长音质无敌，值得购买
23601359762,2025-05-25 19:42:55,T***u,"[{""颜色"": ""钛光金 ""}]",,否,1,音质真的惊艳到我了!高音清晰明亮，低音浑厚有力，听起歌来仿佛置身于演唱会现场，细节都能听得清清楚楚。而且它的降噪功能超厉害，开启之后周围的嘈杂声瞬间被隔绝，让我能全身心沉浸在音乐世界里。
23682436409,2025-06-03 19:06:41,I***属,"[{""颜色"": ""钛光金 ""}]",,否,1,颜值担当，做工精细，连接方便，音质一流，佩戴舒适。试听试戴后，感觉降噪效果不错，待机时间尚可，耳机充电挺快。
24216662840,2025-08-13 23:35:19,Y***彬,"[{""颜色"": ""雪山白 ""}]",,否,1,感觉还可以，在有噪音环境情况下听音乐音质都还是很棒 ，耳机而且不需要很塞入耳 在听音乐的情况别人打招呼也能听见外声。
24844128531,2025-10-27 20:37:12,沐***4,"[{""颜色"": ""钛光金 ""}]",,否,1,耳机音质棒棒的，佩戴也很舒适，之前有个白色的十一出去玩在南昌丢酒店里了，性价比很高，虽然宝贝不一定是最好的，但在同等的价位里面绝对是表现最棒的。
24361996300,2025-08-31 11:08:37,硬***4,"[{""颜色"": ""月影黑 ""}]",,否,1,品质很好，性价比高。本来也打算考虑buds5Pro，但是耳朵戴不惯入耳式，而且毕竟贵400块钱，也就没再考虑。音质不错，希望经久耐用。
23589302390,2025-05-24 15:02:05,迷***航,"[{""颜色"": ""雪山白 ""}]",,否,1,小米这个耳机真是在细节上人性化了，取耳机和放耳机都很方便，不像某些插入式充电的很难取出来耳机，音质没的说，高低音都很清晰，很完美
23715889573,2025-06-07 19:52:51,山***花,"[{""颜色"": ""月影黑 ""}]",,否,1,非常喜欢，简直是我的心头宠，买来之后一个周天天听，一直没有充电，续航很强，拿取也很方便，颜值也很高，简直太喜欢了！
24291233768,2025-08-22 21:32:10,j***i,"[{""颜色"": ""冰霜蓝 ""}]",,否,1,新耳机到了，音质超好，听的很舒服，而且很多功能都可以让我不用打开手机直接在耳机上轻碰操控就真的很方便，而且戴上去也不像以前那种耳机有挤耳朵的感觉，就很轻盈。
23826005995,2025-06-21 11:16:09,时***1,"[{""颜色"": ""钛光金 ""}]",,否,1,这款耳机看了很久，618果断拿下，商品质量一流棒，长佩戴佩戴也不会觉得耳朵疼，好产品、好品质、好服务，宝贝确实值这个价钱，颜值也很棒
23598938268,2025-05-25 15:52:14,Z***8,"[{""颜色"": ""钛光金 ""}]",,否,1,很不错，线下试了音质觉得比较不错，然后京东可以参加国补，就立马下单了，果然没让我失望，自己配了耳机壳，超级乖乖.
24887683728,2025-11-01 17:53:12,大***瓜,"[{""颜色"": ""雪山白 ""}]",,否,1,很好很强大，很好很强大。很好很强大。 音质非常棒。跟小米手机连接非常方便。 多设备协同，非常好用。米粉必备。比红米的音质好一点点。
24854250455,2025-10-28 23:54:44,q***z,"[{""颜色"": ""月影黑 ""}]",,否,1,很好用，很好用，信任小米，小米的耳机非常好，家里有很多小米的东西，做工好音质，质感好舒适好，续航能力强，下次再买，再接着用
23719728022,2025-06-08 10:46:17,j***6,"[{""颜色"": ""钛光金 ""}]",,否,1,音效只能说就那样，就是这个降噪感觉还没我这个3代方便好用（这个是主动降噪）可能是没习惯，银色这个整体挺好看的，戴在耳朵上没有不舒服，戴久了我耳朵也不痛，整体来说600这个阶位中规中矩的。我这个3代用了好几年没修过，现在都能听，只不过左耳听着听着没电了，续航还差半小时基本就无了，所以小米这品牌还是可以的。
23789788806,2025-06-17 07:27:40,孙***凯,"[{""颜色"": ""钛光金 ""}]",,否,1,小米Buds5蓝牙耳机真不错。音质清晰饱满，降噪也好，通话也很清晰。半入耳设计很舒服，戴一整天耳朵都不会疼。充电盒小巧便携，续航给力，入手不亏！
23668105357,2025-06-02 01:00:46,枫***世,"[{""颜色"": ""雪山白 ""}]",,否,1,昨天下的单今天就到了，京东的物流很给力。到手试听了一下，耳机的音质非常棒，沉浸式的体验，谁用谁知道。
23788089209,2025-06-16 22:40:14,风***r,"[{""颜色"": ""月影黑 ""}]",,否,1,半入耳式的降噪耳机，搭配小米15手机，同品牌适配性更好。相比入耳式耳机，半入耳式佩戴更舒适，户外运动也可以佩戴，不会掉落。 缺点是降噪能力会相对弱一些，光面设计更容易磨损划痕，如果是全磨砂质感更好也更实用。 国补+618，价格实惠。
24813088631,2025-10-24 11:36:26,q***5,"[{""颜色"": ""雪山白 ""}]",,否,1,小米的产品值得信赖，主要是它的颜色性价比都非常高。看了一圈还是订了这一款的，使用下来非常棒，大品牌值得推荐，小米的设计感和音质也非常好
23422798960,2025-05-14 17:59:03,小***淋,"[{""颜色"": ""雪山白 ""}]",,否,1,很好看呀也很好用，之前用的苹果这次换了小米，便宜了一半价格但用起来一样的好用，很喜欢还给身边的朋友都推荐了，音质音效都很棒
24234374592,2025-08-16 13:19:24,keresen,"[{""颜色"": ""雪山白 ""}]",,否,1,小米的手机肯定适配小米耳机，做工非常精良，入耳感觉很棒，连接迅速，音质很好，很让人惊喜，强烈推荐，京东送货速度那是没的说
24049900068,2025-07-22 23:09:56,j***y,"[{""颜色"": ""雪山白 ""}]",,否,1,1做工质感：做工很精细，手感也不错，下面光面，上面磨砂的。 2音质音效：音质音效也不错，主动降噪很给力，也可以关闭此功能。 3舒适度：佩戴很舒适，时间长了也不会有涨痛的感觉。 1续航能力：续航能力还可以吧，充电仓可以充好几次。 1其他特色：和小米手机可以自动适配连接，用起来很方便。
24844310373,2025-10-27 20:54:35,j***i,"[{""颜色"": ""雪山白 ""}]",,否,1,大品牌质量值得信赖，音质很好，款式设计新颖，美观大方，半入耳式，佩戴舒服，电池续航能力不错，价格实惠，包装结实完好无损，推荐品牌。
23660352112,2025-05-31 22:48:02,h***u,"[{""颜色"": ""钛光金 ""}]",,否,1,Xiaomi Buds 5 外观颜值高，手感佳，拿起来很小巧，，戴上不会感到累赘，相对上一代buds 4，音质提升明显，续航增强，搭配小米系列手机，简直绝配，值得推荐。
24291155726,2025-08-22 21:18:32,j***5,"[{""颜色"": ""月影黑 ""}]",,否,1,耳机这东西，够用就行。我耳朵出油比较多之前用的是苹果耳机，这款耳机没有胶套，用起来会好很多，音质和苹果的差的有点多，但平时也够用。
23760755549,2025-06-13 15:07:28,马***啊,"[{""颜色"": ""钛光金 ""}]",,否,1,家里人过生日买来当礼物的，趁着 国补价格特别合适。京东快递也能次日达，一直在用小米的耳机，长辈对买的这个也很满意
23274308904,2025-05-06 11:32:31,孙***号,"[{""颜色"": ""钛光金 ""}]",,否,1,隔音降噪效果不错哦，性价比超级高，才几百块，比某果性价比比高啊！颜色也好看，还能照镜子，就是电流感有点强，带上耳机附近的声音很清楚很近的感觉
23679687753,2025-06-03 13:26:11,j***k,"[{""颜色"": ""月影黑 ""}]",,否,1,反复试了好久，最后还是决定买这款耳机，性价比是真的高，网上都说freebuds5音质比它能好一些，但是我反复听反复试就是感觉它的音质好一些，也不是说freebuds5不好，就是相比之下还是觉得这款耳机值得入手，我上款耳机也用的是华为的，也用了好几年这才准备换的耳机，希望我们国产大品牌越做越好，让我们值得信赖！
24582242880,2025-09-24 10:36:00,-***-,"[{""颜色"": ""钛光金 ""}]",,否,1,做工质感：质感很不错，摸起来很舒服， 音质音效：音质很好，听起来很舒服， 续航能力：续航能力还没试，拿到70的电，看看能用多久， 舒适度：带着很舒服，没啥其他感觉，
23727239110,2025-06-09 10:52:00,j***6,"[{""颜色"": ""冰霜蓝 ""}]",,否,1,用了一段时间过来评价，音质超乎意料，并且质感很好耳机盒的材质拼接我很喜欢蓝牙链接也很稳定，唯一后悔没有买Pro版
24192675589,2025-08-11 12:00:01,张哿玮,"[{""颜色"": ""雪山白 ""}]",,否,1,小米Buds 5作为半入耳式蓝牙耳机，在舒适度和音质表现上认可。其轻量化设计（单耳仅4.5克）和符合人体工学的倾斜导管，使长时间佩戴几乎无压迫感，适合通勤或办公场景。音质方面，12.4mm动圈单元带来出色的低频表现，下潜深沉有弹性，尤其适合流行乐与电子乐。
23636715364,2025-05-29 10:47:15,j***o,"[{""颜色"": ""冰霜蓝 ""}]",,否,1,做工质感：做工质感还是可以的，符合这个价位。 音质音效：音质很不错，经久耐听的音质，而且包围感很强。 舒适度：佩戴舒适度非常舒适。
24513476009,2025-09-16 19:48:52,殿小生a,"[{""颜色"": ""钛光金 ""}]",,否,1,耳机好评这耳机真是太棒了，音质清晰、舒适度满分！ 音质清晰得像在现场一样，舒适度也是满分中的满分。戴着它听音乐简直是一种享受啊
24184254976,2025-08-09 19:50:58,徐***1,"[{""颜色"": ""月影黑 ""}]",,否,1,纠结了很久最后还是选择了这款耳机，看起来很有质用后 感，在地铁打开降噪模式再也不吵了，直接在地铁上睡 一路，非常的舒服，戴起来耳朵也不疼，续航也很久
23643941717,2025-05-30 00:33:57,a***m,"[{""颜色"": ""月影黑 ""}]",,否,1,小米耳机以其出色的性价比和优良的音质表现，在市场上赢得众多消费者的青睐。其设计简洁时尚，佩戴舒服，适合长时间使用。耳机连接稳定，操作简便，配合小米手机使用感极佳。
23804331224,2025-06-18 15:52:15,r***b,"[{""颜色"": ""钛光金 ""}]",,否,1,做工质感：非常好 音质音效：优秀 舒适度：舒服 续航能力：和描述一样 其他特色：外观精美漂亮，体验非常完美，科技感十足，不同其他品牌，完美的一次购物。这个颜色好看非常喜欢。
23662301852,2025-06-01 09:23:54,1***姐,"[{""颜色"": ""雪山白 ""}]",,否,1,超好用的一个耳机，可能以前买的都不那么耐用，这个我用了半个月都不用充电。真的很不错 强烈推荐。 做工质感：不错 音质音效：挺好 舒适度：我觉得可以 续航能力：不要太好
23980536693,2025-07-13 18:05:39,小***1,"[{""颜色"": ""雪山白 ""}]",,否,1,对比了airpods和这个，最终选择了小米，毕竟用的小米手机，方便连接，性价比高，音质不错，降噪效果好
24070730667,2025-07-25 14:47:34,j***r,"[{""颜色"": ""钛光金 ""}]",,否,1,还行吧，造型不错，音质也还不错👍性价比可以，带着也挺舒服，使用方便，续航时间还行，降噪效果一般&hellip;&hellip;
23497064733,2025-05-18 18:59:16,j***i,"[{""颜色"": ""雪山白 ""}]",,否,1,舒适度：我耳朵小戴很多都会有点不舒服但是这个没有戴久了耳朵也不痛 音质音效：音质真的没话说，特别喜欢！ 做工质感：拿到手手感真的一绝，特别惊喜
24453182595,2025-09-12 06:34:01,躺***6,"[{""颜色"": ""钛光金 ""}]",,否,1,外观质量都还不错，挺好看的 音质音效：很好 舒适度：很好 做工质感：非常好 续航能力：有待考究，搭配充电仓，也还可以接受
23690901527,2025-06-04 19:02:02,j***d,"[{""颜色"": ""月影黑 ""}]",,否,1,&zwnj;耳机音质清晰，佩戴舒适，外观设计简洁大方，蓝牙连接稳定，兼具高性价比与实用功能，综合体验优秀&zwnj;。
23617590943,2025-05-27 11:40:14,一***咎,"[{""颜色"": ""钛光金 ""}]",,否,1,包装质感很好，耳机小巧重量轻，音质还不错，人声比较清晰，开盖弹出动画迅速，总体还算满意。
23678396586,2025-06-03 11:00:28,井***版,"[{""颜色"": ""钛光金 ""}]",,否,1,降噪聊胜于无，室内办公室比较合适 外观好看，佩戴舒适 音质比较好 和小米手机适配非常好 续航正常，不短
23623731418,2025-05-27 22:05:28,翮***汐,"[{""颜色"": ""冰霜蓝 ""}]",,否,1,音质音效：非常好，很有沉浸感 续航能力：耳机盒充一次电可以用30h 做工质感：和好看，简约
23625330328,2025-05-28 03:56:09,潘***族,"[{""颜色"": ""钛光金 ""}]",,否,1,音质音效：很好很好！ 做工质感：做工很精致 舒适度：戴着很舒服比入耳好多 续航能力：续航能力基本一致
23755236556,2025-06-12 20:05:05,2***n,"[{""颜色"": ""雪山白 ""}]",,否,1,做工质感：质感很棒，耳机很精致 音质音效：听音乐音质非常好，比之前一代好很多，降噪也够用
24380753933,2025-09-02 19:57:34,j***K,"[{""颜色"": ""月影黑 ""}]",,否,1,耳机音质杠杠的，高音通透，中音饱满，低音澎湃，超出我的预期，超级棒！通话清晰，佩戴舒适，值得拥有！
24087101178,2025-07-28 07:59:29,g***e,"[{""颜色"": ""钛光金 ""}]",,否,1,对比过好几个耳机，还是喜欢这款，称着还有国补马上入手，买到了物美价廉的好商品，质量杠杠的，很有金属质感。物流给力，很快就送到了，试用感觉很好。
24289591671,2025-08-22 18:07:33,k***2,"[{""颜色"": ""月影黑 ""}]",,否,1,小米耳机，这款太棒啦，降噪功能很好，戴着舒服，太喜欢啦，国补很给力，京东购物放心满意的一次购物体验，送货上门服务态度也很好！
24851224704,2025-10-28 17:15:08,做***生,"[{""颜色"": ""钛光金 ""}]",,否,1,跟描述的一样很满意，物流也很快，音质很好用，对我来说也没有很闷的感觉，挺好的续航没有其他人说的那么差，后续我用了会再追评的
23766957966,2025-06-14 12:08:26,F***l,"[{""颜色"": ""钛光金 ""}]",,否,1,超赞的一个耳机产品，做工精良用料实在。小米耳机特别在匹配小米手机上无敌丝滑。这个产品高音清透低音醇厚，对比红米色好上好几个层次。实在是耳朵良友。很值得推荐！
24369339642,2025-09-01 13:23:31,不愿低飞的鸟,"[{""颜色"": ""月影黑 ""}]",,否,1,不愧是小米 蓝牙耳机也很好用！买的黑色 还自己搭配了一个外壳 质感很好！音质也很好很清晰 超级不错！自身是米粉 基本上都是买的小米
24291172964,2025-08-22 21:21:05,j***5,"[{""颜色"": ""冰霜蓝 ""}]",,否,1,好朋友推荐购买的，现在用着还不错，佩戴舒适，声音也合适。音质还可以，外观好看，精致小巧，续航还可以，开启无损音质耗电会快些。
23672142783,2025-06-02 14:41:20,小***6,"[{""颜色"": ""冰霜蓝 ""}]",,否,1,昨天买今天就到了，神速的，一打开这颜色老好看了，好清新的蓝色呀。音质也比我之前便宜的耳机好。这款半入耳的戴着舒服。
23706266490,2025-06-06 16:55:18,科***2,"[{""颜色"": ""钛光金 ""}]",,否,1,在小米之家试听之后下手的，效果还是不错的，声临其境 也对的起高价了，做工精细，就是金色有点粘指纹 其他的还是很不错的，
24275216806,2025-08-21 08:28:03,j***3,"[{""颜色"": ""冰霜蓝 ""}]",,否,1,耳机还是很不错的，就是这种半入耳是真的容易掉。但是音质确实好了不少，比全入耳戴的舒服多了。但是不知道为啥小米耳机太容易掉蓝牙了。下次还会买。
23472386261,2025-05-16 20:50:46,海***冰,"[{""颜色"": ""钛光金 ""}]",,否,1,这个音质真不错啊，配合小米15可以用lc3超低延迟，之前用的是米airpro2，不想用入耳式了换成这个，舒适感大提升，音质大提升。
24799314120,2025-10-22 19:14:27,w***a,"[{""颜色"": ""冰霜蓝 ""}]",,否,1,小巧精致，半入耳式佩戴舒适。颜色符合期望，充电盒质感良好。降噪能力对得起这个价位。但是续航可能有些差，有时候一分钟掉一格电。
23682570445,2025-06-03 19:17:23,2***o,"[{""颜色"": ""钛光金 ""}]",,否,1,爱了爱了，这颜值，值得拥有，之前的蓝牙耳机挂耳朵一会就疼的要死，加上有点外耳炎，带久了更加难受，然鹅，这个我带了一天都还不会有特别的不适
24771449290,2025-10-19 19:43:32,E***7,"[{""颜色"": ""钛光金 ""}]",,否,1,小米耳机设计简约大方，功能实用，配合 app 使用可以调整音质效果和降噪效果，听歌看电影打游戏都很舒服，必须给好评，推荐大家可以尝试！
24408214745,2025-09-06 09:42:22,穹***际,"[{""颜色"": ""雪山白 ""}]",,否,1,做工质感：简洁素净，精致好看，外形圆润又可爱； 音质音效：低音效果很明显，整体沉浸通透，能听到音乐的很多细节； 舒适度：小巧玲珑，佩戴很舒适，耳朵没啥无负担感； 续航能力：充电速度快，续航还不错。
23758300093,2025-06-13 09:52:09,j***r,"[{""颜色"": ""雪山白 ""}]",,否,1,小米buds5音质方面低音浑厚，细节保留较多，能够有效避免低频噪声，生态链交互流畅，续航能力日常用起来还行
23497832112,2025-05-18 20:04:38,中***啊,"[{""颜色"": ""月影黑 ""}]",,否,1,送媳妇的，小米这款耳机颜值还是很在线的，媳妇很喜欢，刚好配上她的小米手机。再加上京东618活动，整体感觉还是不错的，非常愉快
23352884930,2025-05-10 14:42:26,j***y,"[{""颜色"": ""月影黑 ""}]",,否,1,小米的这款蓝牙耳机音质不错，价格不贵，性价比高，佩戴也非常舒适，耳机很轻，降噪也不错，续航大概可以七八个小时，开盖即连接
23589599531,2025-05-24 15:38:01,j***u,"[{""颜色"": ""雪山白 ""}]",,否,1,做工质感：买给弟弟的 收到货质感很不错 性价比很高 音质音效：音质也不错 适配小米手机 舒适度：舒适度也不错
24085601342,2025-07-27 21:49:08,a***e,"[{""颜色"": ""雪山白 ""}]",,否,1,这款耳机挺好用的，听音乐和打电话的效果都非常的棒，戴着耳朵也很舒服。小米的耳机果然挺不错的，已经买过两次小米的耳机了。很好！
23628786297,2025-05-28 13:57:00,新***锅,"[{""颜色"": ""钛光金 ""}]",,否,1,耳机收到了，迫不及待地戴上试听了。音质真的太棒了，各种音乐都能完美呈现。外观设计简约时尚，非常喜欢。
24150291393,2025-08-05 10:35:27,r***i,"[{""颜色"": ""雪山白 ""}]",,否,1,这款耳机可以给苹果手机录音，特意买来工作中用，结果发现真香，比苹果的耳机还好用，天天带着它出门儿了，从此冷落了一千多的苹果，太神奇了
23623029811,2025-05-27 20:49:03,5***0,"[{""颜色"": ""钛光金 ""}]",,否,1,音质音效：大动圈可以感受到动力推进耳朵的感觉 做工质感：细节符合这个价位， 舒适度：半入耳的设计是我购买的原因，不会痛 续航能力：刚买还没充电，好像蛮久的使用
23957852960,2025-07-10 13:11:05,茉***7,"[{""颜色"": ""雪山白 ""}]",,否,1,这款耳机太惊喜了！音质清晰，低音浑厚不闷，戴着轻巧舒服，久戴也不疼。续航超给力，充一次用一周，连接稳定没断过，性价比绝了，通勤党必备～
23909708472,2025-07-03 10:48:45,j***5,"[{""颜色"": ""月影黑 ""}]",,否,1,降噪效果也很出色，戴上它，瞬间就能与外界的喧嚣隔绝。蓝牙连接非常稳定，从没有出现过断连的情况，开盖即连，方便快捷。续航能力也很强，充满一次电，日常使用好几天都没问题
23669609248,2025-06-02 09:28:11,b***5,"[{""颜色"": ""雪山白 ""}]",,否,1,之前用过小米耳机，体验就很不错。这次看到Buds 5国补，果断入手，事实证明，复购的选择没错，很喜欢。
23670877061,2025-06-02 12:02:45,庸***翟,"[{""颜色"": ""钛光金 ""}]",,否,1,非常漂亮的耳机。镜面充电盒很有质感。降噪也不错，在小米之家试听过，很喜欢。趁着京东618拿下他，配合小米手机很好用，有开盒动画，支持骁龙畅听，金标认证，非常棒
24216605488,2025-08-13 23:17:36,雨岑寂,"[{""颜色"": ""月影黑 ""}]",,否,1,这个小米蓝牙耳机Buds5 使用起来音质很棒，半入耳式佩戴很舒服，主动降噪功能很强大，特别是跑步时候听歌音质很棒，电量可以使用很久，充电也是很方便，值得推荐购买使用。
23737254361,2025-06-10 13:13:19,w***q,"[{""颜色"": ""月影黑 ""}]",,否,1,buds5耳机还不错，质感挺好，618活动价格还行，虽然没有国补，但是价格也便宜了不少，作为半入耳式耳机来说挺不错的。。
23691998310,2025-06-04 21:17:44,j***5,"[{""颜色"": ""冰霜蓝 ""}]",,否,1,新耳机音效很棒，半入耳式比我上一款漫步者要戴得舒服，东西好小。佩戴感受轻，睡觉戴着不压耳。加盒子都非常的小巧，要是能设计多个挂绳就更好了。
23763269577,2025-06-13 20:10:03,j***5,"[{""颜色"": ""雪山白 ""}]",,否,1,小米Buds5耳机等了好久等到国补活动立马下单了，音质很好，佩戴感受很舒服不硌耳朵，苹果手机用起来也很丝滑，外观很有质感重量也轻，降噪效果好。
23674806157,2025-06-02 20:30:53,小***8,"[{""颜色"": ""钛光金 ""}]",,否,1,看上这款耳机好久了，趁着618优惠果断入手。颜值非常高，是我喜欢的半入耳式并且还有降噪。用的小米手机，因为是一个生态，体验上会更加顺畅
23691508699,2025-06-04 20:07:44,一***用,"[{""颜色"": ""钛光金 ""}]",,否,1,很漂亮的耳机，续航能力比较强，大概在六个小时左右，开了降噪后用电比较厉害。还有空间音频，有一个录音功能很方便。
23611475817,2025-05-26 18:54:18,j***y,"[{""颜色"": ""冰霜蓝 ""}]",,否,1,这款产品做工非常精细，音质表现也很不错，佩戴起来特别舒适，续航能力让人很满意，颜值更是超高，值得推荐。小米的这款性价比真的超高
24438511065,2025-09-10 11:00:56,j***d,"[{""颜色"": ""钛光金 ""}]",,否,1,送老公的节日礼物！！！他说非常好用，带上好像也没那么不舒服，降噪效果好，外观也非常精致！！！也没有很震耳膜真的挺好用的！！！
23808282141,2025-06-19 00:33:52,不***房,"[{""颜色"": ""雪山白 ""}]",,否,1,半入耳式党的福音，在这个入耳式占据多数用户的时代，还能给予不喜欢入耳式党多一种选择，令喜欢半入耳式党也能感受到主动降噪耳机带来的幸福感，让喜欢半入耳式党也能拥有较为高端的耳机，赞一个！
23665556401,2025-06-01 17:15:46,芙***蕾,"[{""颜色"": ""月影黑 ""}]",,否,1,还不错，音质也还挺好的，比较喜欢黑色感觉使连接手机也很快。这个耳机听音乐适配度比较高，其他的功能我还有待研究，总体来说还不错，信任小米这个品牌!
23807812478,2025-06-18 23:02:44,浪***日,"[{""颜色"": ""月影黑 ""}]",,否,1,小米Buds 5性价比高，699元音质媲美千元档。内外双磁单元搭配哈曼调音，听歌体验好。降噪适合日常，续航久，还支持苹果手机通话录音。
23658623897,2025-05-31 18:34:34,陈***退,"[{""颜色"": ""雪山白 ""}]",,否,1,收到耳机之后就非常激动的想拆开，收到之前就准备了耳机套，换上之后也是非常好看，颜值超高，试了一下音质可以，非常愉快的一次购物
23701088802,2025-06-06 00:30:42,一***5,"[{""颜色"": ""雪山白 ""}]",,否,1,这款耳机音质非常优秀，降噪效果也很棒！😎 无论是听音乐还是打电话都很方便，电池续航能力也不错，强烈推荐！👍
23802760344,2025-06-18 12:30:30,9***p,"[{""颜色"": ""雪山白 ""}]",,否,1,非常好用，耳机做工看着很棒，带着也不累耳朵也不容易掉，降噪效果在半入耳耳机中午也算很可以的
23681882181,2025-06-03 18:07:26,A***s,"[{""颜色"": ""钛光金 ""}]",,否,1,做工质感一流音质音效很棒带在耳朵上很舒服！链接顺畅！待机续航能力很好钛金色非常漂亮！
24020281065,2025-07-18 17:53:32,S***6,"[{""颜色"": ""月影黑 ""}]",,否,1,小巧可爱，很有质感，音质音效很不错，在这个价位中，做的非常不错了。给家里人也买了。
23628405470,2025-05-28 13:14:50,2***b,"[{""颜色"": ""雪山白 ""}]",,否,1,太喜欢这款时尚感超强的耳机，戴上去非常舒适，音质效果好，有效减少噪音。听视频的好帮手
23782019728,2025-06-16 11:34:04,M***n,"[{""颜色"": ""雪山白 ""}]",,否,1,真的很不错，音质什么都很让我满意，降噪也不错哦，外观我挺喜欢这个白色的，都挺好的
23776377801,2025-06-15 17:14:08,失***-,"[{""颜色"": ""冰霜蓝 ""}]",,否,1,舒适度：五分 音质音效：挺好的，高低音都很棒 续航能力：才到手，充了一次电，用用再评价
23733518839,2025-06-09 23:14:06,j***8,"[{""颜色"": ""雪山白 ""}]",,否,1,耳机做工不错，很有质感，半入耳式佩戴舒服，耳机很轻，音质还过得去，软件层面非常混乱
23671172003,2025-06-02 12:36:06,任***勇,"[{""颜色"": ""雪山白 ""}]",,否,1,小米耳机非常好，外观颜值大气，音质音色清晰，妥妥的大牌耳机，做工精致，佩戴舒适，
23802643081,2025-06-18 12:16:45,j***2,"[{""颜色"": ""钛光金 ""}]",,否,1,舒适度：半入耳式yyds，比之前的红米buds5pro好了几百个档次 做工质感：金银色也是非常好看的
23622841724,2025-05-27 20:26:06,C***g,"[{""颜色"": ""冰霜蓝 ""}]",,否,1,给女朋友买的，线下实体店没有蓝色可以看，但是实际到手非常好看，上面是磨砂的材质，整体非常有质感
23605824770,2025-05-26 09:43:01,2***5,"[{""颜色"": ""雪山白 ""}]",,否,1,宝贝收到了，很惊喜，质量非常好，很满意的一次购物。耳机音色很好，白色的很适合我。
23719178123,2025-06-08 09:31:45,j***x,"[{""颜色"": ""钛光金 ""}]",,否,1,外观颜值很高，音质不错，长时间戴也不涨耳朵，与手机连接很方便。
23804522338,2025-06-18 16:13:17,j***Y,"[{""颜色"": ""雪山白 ""}]",,否,1,小米脑残粉家属报道🧐 给家属买的生日礼物，他超级喜欢，爱不释手。试戴了一下，音质确实不错哦。
23921548985,2025-07-04 22:12:24,l***在,"[{""颜色"": ""雪山白 ""}]",,否,1,1. 外观设计与佩戴舒适度：Buds 5 通常延续了小米耳机家族化的设计语言，采用了圆形充电盒，整体看起来比较小巧、精致。耳机单元本身也比较轻便，采用了硅胶耳塞，对于大部分用户来说，长时间佩戴的舒适度表现不错，不容易引起耳朵疲劳。 2. 音质表现：对于这个价位段的耳机来说，Buds 5 的音质表现是可圈可点的。它通常能提供比较均衡的听感，中低频表现相对突出，人声和鼓点比较有力量感，适合听流行、摇滚等大众音乐。虽然可能达不到高端耳机的解析度和细腻感，但日常使用足够满足。 3. 主动降噪（ANC）：Buds 5 配备了主动降噪功能，在实际体验中，它的降噪效果在同价位产品中属于中等偏上的水平。对于隔绝地铁、公交、办公室等环境中的低频噪音（如发动机声、键盘敲击声）效果比较明显，能够营造一个
23665912983,2025-06-01 18:08:47,风***新,"[{""颜色"": ""雪山白 ""}]",,否,1,这个耳机是给朋友买的，他说这个其实还没挺看，我觉得挺贵的，我也没舍得买，他说挺不错的
23660854351,2025-06-01 00:37:10,艳***7,"[{""颜色"": ""雪山白 ""}]",,否,1,耳机是朋友介绍给我的，我感觉还可以吧，用起来也很方便，整体来说还可以，就是有点小贵
23644965201,2025-05-30 07:47:38,吾***侬,"[{""颜色"": ""雪山白 ""}]",,否,1,总体来说，确实很不错，客服的服务态度也很棒，说话几乎马上就会回消息，物超所值，真心推荐。 续航能力：真的好喜欢，客服态度也挺好的，值！以后有需要还会来买
21264211694,2024-08-24 11:06:00,q***w,"[{""颜色"": ""钛光金 ""}]",,否,1,做工质感：钛金属颜色的质感很好看，太喜欢了 音质音效：音质音效非常棒 舒适度：很轻的一个耳机，感觉不出来重量 续航能力：续航还行，够我用了 其他特色：京东的服务特别好
21102670075,2024-07-25 12:16:36,j***x,"[{""颜色"": ""雪山白 ""}]",,否,1,做工质感：磨砂高级 音质音效：哈曼金耳朵保证 舒适度：佩戴轻巧舒适 续航能力：6.5小时最高单次 其他特色：降噪，低音。 非常好的一次购物体验，送礼之上上选
21108209754,2024-07-26 22:14:01,慈***平,"[{""颜色"": ""雪山白 ""}]",,否,1,做工质感：这个我不太满意，不算很精致，用料没有水果的扎实 音质音效：这个我很满意，我就喜欢动次打次，这耳机颠覆了我对半入耳低音表现的认知，中高音也不错 舒适度：大差不差，都差不多 续航能力：充电速度很快，续航也不错
21170503256,2024-08-11 16:55:07,雨***篷,"[{""颜色"": ""雪山白 ""}]",,否,1,耳机收到了，这个音质太棒了，和上一代有了明显的提升，半入耳式的降噪耳机，佩戴舒适，戴起来不闷，很舒适，在噪杂的环境中打电话也非常清晰，续航时间也挺长的，收听5.6个小时没问题。推荐入手，使用可以方便手机录音，这个功能很值得推荐。
21453583581,2024-09-27 19:27:10,a***g,"[{""颜色"": ""雪山白 ""}]",,否,1,因为买了小米手机和平板，就想配一个小米的耳机，等了好久，终于有货了，质感很好，音质也不错，降噪也很好，本来以为半入耳式的耳机会容易掉，实际上使用还是很牢固的，续航能力也可以，拿到就迫不及待配了了个耳机保护套。
21712843403,2024-11-06 20:21:41,j***i,"[{""颜色"": ""钛光金 ""}]",,否,1,有国补价格合理很多，推荐买之前看看酷安 音质音效：正常耳机水平，盲听和freebuds差不多。降噪对重复杂音比较有效，但对周围人声基本聊胜于无。 舒适度：我戴不了入耳式，这种半入耳成了刚需，非常舒服 做工质感：做工精致，质感不错
21308954647,2024-09-02 05:51:52,步***7,"[{""颜色"": ""冰霜蓝 ""}]",,否,1,做工质感：很小米，蓝色有表面带磨砂，摸起来很舒服。外观看起来低调奢华有内涵。 音质音效：试了下空间音效，觉得还是挺惊艳的 舒适度：佩戴感觉不错，在手势感觉使用不太习惯，指令不是很清晰 续航能力：够用 降噪效果想看看扛风噪怎么样，日常生活开启可以。
21716956730,2024-11-07 14:20:08,z***x,"[{""颜色"": ""月影黑 ""}]",,否,1,外观：非常小巧，手感圆润，开盖子的的力度也刚刚好。黑色是一种亮黑，凸显质感高级。 音质：耳机的音质也还好，正常听音频打电话都没有问题。 佩戴；感觉很轻盈，剧烈运动要小心。 适配：小米手机非常推荐，适配完美，基本无延迟。
21718798699,2024-11-07 19:08:09,z***7,"[{""颜色"": ""雪山白 ""}]",,否,1,包装很好，质量非常棒，宝贝完全符合卖家的描述，可以放心购买，和原来的小米耳机对比过了，音质其实变化不大，但外观做工真的有很大的进步了，外壳的手感也特别好，值了。
21132803994,2024-08-02 11:43:15,橙***王,"[{""颜色"": ""月影黑 ""}]",,否,1,不错，佩戴舒适，久戴耳朵也不痛，音质比我之前的Redmi buds 4 pro要好很多，低音很带感，降噪效果也不错，外观也好看，物流速度也块，今天下单，第二天就到了。
22793915263,2025-04-02 10:24:19,4***泽,"[{""颜色"": ""雪山白 ""}]",,否,1,做工质感：产品摸起来非常舒服，戴在耳朵上非常舒服，耳机做的很轻。 音质音效：音质听起来非常还原，调教的特别好 舒适度：用起来比之前用的其他牌子好用很多，连接速度，续航能力都很 nice
21814982703,2024-11-20 09:12:38,杨***京,"[{""颜色"": ""钛光金 ""}]",,否,1,从苹果耳机转过来的， 做工质感：漂亮，颜色好看，这个更接近银色 音质音效：好， 舒适度：真的是无感佩戴 本来很纠结，因为自己有了airpods pro2，但昨天去超市的时候用了降噪，效果很惊艳。有机会再去地铁试试。
21115260461,2024-07-28 22:08:06,j***g,"[{""颜色"": ""雪山白 ""}]",,否,1,做工质感：非常好，外观很光滑，拿在手上很舒服 音质音效：音效很好，降噪功能也十分强大 舒适度：与耳朵的轮廓很适配，整体戴上很舒服 续航能力：充电舱很持久 整体十分推荐
21382838516,2024-09-19 12:18:37,j***k,"[{""颜色"": ""月影黑 ""}]",,否,1,被颜值种草，果断下单。用了一段时间，反应挺灵敏的，开盖就能自动识别。续航时间挺长，充电很快。音质的话对比过千元耳机，调音对比起来更符合我的喜好，性价比可以，日常听听音乐很够用了。降噪很少开，比千元机差点意思
21110012978,2024-07-27 12:49:04,敲***星,"[{""颜色"": ""雪山白 ""}]",,否,1,做工质感：白色的质感很好，本人一直喜欢白色系 音质音效：音质嘎嘎好，吊打AirPods，本人双持的，不愧是哈曼卡顿调音 舒适度：很轻，戴着都没有什么感觉，时间久了都不记得自己带了耳机 续航能力：可以听很久歌，应该很猛 其他特色：一点小缺憾就是白色太容易有划痕了
21317423519,2024-09-03 23:14:30,小***格,"[{""颜色"": ""雪山白 ""}]",,否,1,发售第一时间就入手了，总体比较满意。音质挺好的，降噪效果也挺好，开启降噪后桌上台式电脑的嗡嗡声就听不到了，外观时尚，续航也很不错，挺满意的。
21130131599,2024-08-01 18:13:27,轩***得,"[{""颜色"": ""钛光金 ""}]",,否,1,之前用的同系列buds4，现在换的小米buds5，最直接的体验就是佩戴舒适度更好了，耳机有点磨砂的感觉，不会滑掉，音质方面很润，低音浑厚，高音有细节，配色很漂亮，续航也提升了，空间音频和头部追踪很赞。
22058929539,2025-01-03 17:02:41,C***i,"[{""颜色"": ""钛光金 ""}]",,否,1,音质好，声音厚实有力，低音丰满，高音嘹亮不刺耳，声音圆润纯真，失真极小，佩戴舒适 外观时尚好看，金属质感，开盒即联，还有录音功能 续航能力很强，综合续航一天多，外出游玩整天不用充电
23071338171,2025-04-23 11:22:44,陈***橙,"[{""颜色"": ""雪山白 ""}]",,否,1,做工质感：宝贝收到啦，实物真的好看，价格非常实惠，强烈推荐这款，超级喜欢 音质音效：音效很好，体验感很棒， 舒适度：待久了耳朵也不会不舒服，适合， 续航能力：续航能力不吃
21672116324,2024-10-30 20:58:12,i***8,"[{""颜色"": ""雪山白 ""}]",,否,1,上一款耳机就是小米buds 4，用了挺久，质量都挺好的，最近双11优惠就准备入手xiaomi buds 5，拿到手后仔细了听了听歌，音质很好，外观比四代更漂亮了，续航也很不错，主动降噪功能很赞。
21108569004,2024-07-27 02:29:05,张***羊,"[{""颜色"": ""月影黑 ""}]",,否,1,"音质清晰,外观美观大气.摸着也很舒服佩戴感受 不涨耳 不漏音 很舒适 可以享受专属音效,哈曼的调音很不错.降噪效果在同级别耳机中非常好的了.续航能力 能长时间续航."
21730387587,2024-11-08 22:37:08,H***s,"[{""颜色"": ""钛光金 ""}]",,否,1,做工质感：做工精细 超级好看 音质音效：音质真的是绝了。 舒适度：戴上之后，觉得特别的舒适 续航能力：续航也特别的强。 其他特色：头部跟踪功能觉得立体环绕特别好。
21707184089,2024-11-05 19:53:21,-***_,"[{""颜色"": ""钛光金 ""}]",,否,1,做工质感：耳机盒质感很好，耳机很轻跟耳朵很贴合 音质音效：音质没得说🤙，跟之前旧的小米耳机对比音质提升很多 舒适度：耳机很轻，而且不容易掉 续航能力：据说六个小时，还没试过 其他特色：从学生时代买了小米好多产品，刚换了小米十五，耳机也顺便换新了
21170533570,2024-08-11 17:01:57,6***3,"[{""颜色"": ""雪山白 ""}]",,否,1,做工质感：做工漂亮，颜值高 音质音效：好，立体声效果强 舒适度：佩戴舒适，一次带二三个小时都没有问题。 续航能力：一般，单次有五个小时。 其他特色：其他特色：值得推荐购买。
21699600200,2024-11-04 15:54:57,j***a,"[{""颜色"": ""雪山白 ""}]",,否,1,耳机质感很好，音质没的说，舒适度也很好戴久了也不会难受，物流也很快性价比很高，很实惠，使用起来感觉很好，非常完美.^◡^.
21108862911,2024-07-27 08:51:27,j***j,"[{""颜色"": ""月影黑 ""}]",,否,1,做工质感：做工质感都很好，非常的亮 音质音效：音质相对来说这个价位的半入耳耳机非常不错的了 舒适度：舒服，一到手就戴着睡了一觉，非常的轻，耳朵戴久了一点都不痛。 续航能力：不开抗噪，就光听歌，听了六七个小时还有电。
21379563746,2024-09-18 15:53:33,u***9,"[{""颜色"": ""月影黑 ""}]",,否,1,超级漂亮，颜值真的是超爱！音质那是相当的好，入耳没有卡耳朵的现象，躺着也没有卡耳朵的现象！待机时间可以，看了两集电视剧还有一半的电量！
21084441312,2024-07-20 14:47:16,l***n,"[{""颜色"": ""雪山白 ""}]",,否,1,做工质感：手感很轻，质感比上一代有提升 音质音效：音质音效比上一代好一些 舒适度：佩戴起来明显更轻 续航能力：还没长时间使用，后面回来追评 其他特色：因该是小米这两年耳机做的比较好的两代了，上一代很满意用的很频繁所以电池续航不太行了，所以一直在等新一代出来，现在看来等待是值得的
21395375061,2024-09-21 08:54:58,c***0,"[{""颜色"": ""雪山白 ""}]",,否,1,做工质感：外形小巧，手感很好。 音质音效：音质干净，音色清晰，低音效果很好，整体环绕 舒适度：入耳舒服 续航能力：续航时间持久 其他特色：耳机从做工到使用，非常得棒
21361729327,2024-09-14 08:51:26,_***n,"[{""颜色"": ""冰霜蓝 ""}]",,否,1,做工质感：蓝色磨砂质感，手感一流 音质音效：音质调教得非常舒服 舒适度：半入耳式，佩戴体验非常满意
21608386015,2024-10-22 15:45:17,肚***滚,"[{""颜色"": ""钛光金 ""}]",,否,1,音质不错，降噪模式也是很不错的，入耳比较舒适，戴久了也不会觉得不舒服，设计科技感满满，太好看了，拿到手上很有质感，磨砂的手感，小米真的很不错！！续航能力也不错的
21090009252,2024-07-22 01:12:49,你***流,"[{""颜色"": ""雪山白 ""}]",,否,1,比想象中的好，戴起来很舒适，同时降噪能力也是出乎意料的好，期待后续的使用 功能丰富，有各种个性化定制，还能像AirPods Pro2一样个性化听感定制，非常不错，起码这个功能做出来了，做的也好，越来越强了小米
21089568764,2024-07-21 21:37:48,阿***呦,"[{""颜色"": ""雪山白 ""}]",,否,1,耳机非常不错，做工精细，款式很好看，非常不错。音质不错，比上代听着有所提升，稳定性好了很多，非常不错的升级。京东物流，还是很快，推荐大家购买。
21945258234,2024-12-14 23:26:07,江***衣,"[{""颜色"": ""雪山白 ""}]",,否,1,做工质感：做工不错 音质音效：音质上层 舒适度：不错 续航能力：很好 用过宝华韦健 华为 悦虎 各种好的差的品牌，小米这个音质还是不错的，和华为freebuds pro一个水平。价格方面还便宜很多，特别适合不需要降噪 又有音质要求的朋友。 主要任何耳机降噪开了 我都觉得头晕
21127738991,2024-08-01 09:01:37,战***士,"[{""颜色"": ""钛光金 ""}]",,否,1,给女神买的，非常喜欢，很开心，到了之后试听了一下，音质好，用了一下录音功能，不管是通话录音或者是单独录音都很好用，女神被惊艳到了，哈哈
21296425203,2024-08-30 10:25:05,j***3,"[{""颜色"": ""钛光金 ""}]",,否,1,续航能力：很好，能用很多天外观材质：摸着很舒 服佩戴感受：几乎没有感觉看了很久蓝牙耳机，我 最后决定买小米buds5，买来了体验了几天。音质没 的说，哈曼卡顿调教的，佩戴舒适度很好，续航也可 以，连接手机也很顺畅和方便。推荐购买！
21103146874,2024-07-25 14:46:50,s***x,"[{""颜色"": ""钛光金 ""}]",,否,1,做工质感：非常好，摸起来手感很舒服的唯一不太好就是亮面容易粘指纹 音质音效：音质。听起来很好，高音很洪亮，低音很深沉。 舒适度：在佩戴方面很舒适，没有全入耳式那种压迫感。
21695307265,2024-11-03 22:30:21,熊***子,"[{""颜色"": ""雪山白 ""}]",,否,1,不错，买了新手机就换一个新耳机，两者搭配起来音质特别好，声音听起来特别的有代入感，降噪效果也特别棒，公司嘈杂点声音基本上被过滤了，听久了头也不晕，充满电连带着盒子可用一天，很好
21310458943,2024-09-02 13:31:13,P***n,"[{""颜色"": ""钛光金 ""}]",,否,1,音质很棒，耳机入耳也很舒服，暂时没觉得耳朵疼！关键是 来电话可以直接蓝牙接听，和airpods一样，不用手动选择使用蓝牙。开盖自动连接，而且入耳小小一声很有质感！录音功能还有点击耳机切换那些功能还没搞明白，继续研究
21575477057,2024-10-17 16:58:01,Y***g,"[{""颜色"": ""钛光金 ""}]",,否,1,资深米粉了，Buds5音效非常出色，低音浑厚，佩戴起来也非常舒适，颜值很高！！！再提一句，主动降噪功能效果很赞！质感虽然很好，光面也确实容易留指纹（买了两个，蓝色那款更好看）
21363448613,2024-09-14 15:41:36,H***菜,"[{""颜色"": ""雪山白 ""}]",,否,1,用了一段时间才来评价，挺好用的，简约大气，音质很好，和我的小米手机很般配！ 续航能力：很不错 音质音效：棒棒 舒适度：不错 做工质感：很丝滑，颜值高
21651855352,2024-10-28 09:30:38,_***了,"[{""颜色"": ""钛光金 ""}]",,否,1,做工质感：耳机做工很精致，金色很有质感，外观完美没有瑕疵。 音质音效：音质能达到旗舰水平，符合这个价位。 续航能力：搭配充电仓使用，续航没有焦虑，够用了。 舒适度：耳机很轻，没有不适感。
21656655355,2024-10-28 20:37:38,布***娟,"[{""颜色"": ""雪山白 ""}]",,否,1,做工质感：白色很经典简洁，耳机做工还可以没发现问题，整体很轻，感应也很灵敏。 音质音效：音质整体对得起这个价格，性价比不错，很清晰，细节也都可以。 续航能力：充一次电能用很久吧，基本上用个几天没有问题。
21770339472,2024-11-13 00:28:01,这***h,"[{""颜色"": ""雪山白 ""}]",,否,1,做工质感：质感很不错，小巧轻便 音质音效：音质真的很棒，降噪很到位 舒适度：戴久了也不累，非常舒服 续航能力：一直听歌续航在2h左右，不知道是不是功能开的比较多比较费电 其他特色：小米生态真的好好用，尤其是更新后的系统，交互做的真的好很多，体验很好
21434528157,2024-09-25 22:19:11,北***儿,"[{""颜色"": ""冰霜蓝 ""}]",,否,1,做工精细，耳机很轻 性价比极高 还很耐摔 小米手机才能发挥耳机全部实力 控制有点延迟 音效一级棒 续航能力也不错 耳机控制音量 录音功能也不错 就是人到中年油腻了 耳机容易掉 泪目 颜色看个人喜好
22067017433,2025-01-04 14:02:32,方***舟,"[{""颜色"": ""雪山白 ""}]",,否,1,做工质感：非常好，手感很棒 音质音效：很不错，很喜欢，比我旧的耳机好很多 舒适度：佩戴基本无感，长时间佩戴暂时没有试过 续航能力：不清楚，刚买没多久，后续使用后再来追评
21091137893,2024-07-22 10:50:21,9***5,"[{""颜色"": ""冰霜蓝 ""}]",,否,1,收到这款耳机有被惊艳到，颜值很高，小巧轻便，佩戴舒适，迫不及待就打开使用了，音质效果很棒，佩戴也非常舒适，降噪效果好，续航能力也很强，非常满意的一次购物体验
21084421693,2024-07-20 14:41:36,倒***7,"[{""颜色"": ""钛光金 ""}]",,否,1,耳机的质量不错，真的令人满意，音质清晰，佩戴舒适，比我想象中还要好。货到后，我迫不及待地试听了，效果超出预期。掌柜的服务态度好，发货速度快，让我对这次购物非常满意。
21303588183,2024-08-31 23:02:19,安***L,"[{""颜色"": ""冰霜蓝 ""}]",,否,1,不错的耳机，外形美观，连接快捷，音质不错。米家生态很方便，各种配件基本都买了小米的。远峰蓝很喜欢，颜色不会太单调，也很耐看耐脏。非常满意的购物，会继续支持小米品牌。好评！
21157787388,2024-08-08 20:20:31,再***呀,"[{""颜色"": ""雪山白 ""}]",,否,1,一如既往地信任小米，本来相等钛金色，但是白色到手也很漂亮，做工精致，手感也好，尤其是取放耳机的吸力非常不错。音质方面一如既往，降噪的话，确实比不上入耳式耳机，但是也够了，推荐。
22376333267,2025-02-13 21:31:04,j***1,"[{""颜色"": ""钛光金 ""}]",,否,1,音质清晰 是朋友推荐的这款耳机 首先外观上我很喜欢音质也很不错 续航从买来到现在还没有充过电 挺好的，趁活动买的还很划算！佩戴感受：也很舒适，耳朵没有很不适的感觉
21671702951,2024-10-30 20:05:06,w***辉,"[{""颜色"": ""钛光金 ""}]",,否,1,外观非常漂亮，做工精细，低音简直太好听了，很震撼，降噪效果很好，厨房开着油烟机一点都不吵，戴着耳朵舒服，续航能力强！
21716749301,2024-11-07 13:35:07,j***a,"[{""颜色"": ""月影黑 ""}]",,否,1,刚买回来感觉物有所值！颜值很高，而且耳机是带磁力的，再也不用怕耳机丢了，听了一首歌试了一下音质很好，戴起来很舒服，感觉不错！
21091935309,2024-07-22 14:35:45,1***谓,"[{""颜色"": ""月影黑 ""}]",,否,1,物流很快，第二天就收到了，这次是半入耳的耳机佩戴非常的舒服，音质有哈曼的调音，很不错，降噪的效果也是很不错的，盒子非常有质感，也很轻便
21378926102,2024-09-18 13:00:45,龘***7,"[{""颜色"": ""月影黑 ""}]",,否,1,两款耳机都入手了，颜值肯定buds 5完胜，携带也方便，但是如果健身，还是开放式好，不会掉，再说说音质，通话都非常不错，音乐个人更喜欢重低音，所以会更喜欢buds 5
21090142015,2024-07-22 06:48:44,春***丶,"[{""颜色"": ""月影黑 ""}]",,否,1,做工质感：满分，金属质感显得很高级 音质音效：体验下来感觉还不错 舒适度：半入耳的舒适度比入耳式的好太多了 续航能力：目前体验下来4-5个小时完全没有问题
21570248139,2024-10-16 20:40:48,g***y,"[{""颜色"": ""冰霜蓝 ""}]",,否,1,头一次给自己买这么贵的耳机。效果很棒，空间音频沉浸好，还有最喜欢的蓝色，整体很满意。平板用苹果，手机是三星，连接都没有问题。安装了app就推送了固件，能调整各种手势。续航有待观察，应该不错。降噪有待加强，多和airpods4学习，就更完美了。
21132255896,2024-08-02 09:17:20,j***o,"[{""颜色"": ""月影黑 ""}]",,否,1,做工质感：很有质感，手感好 音质音效：听起来就是不一样 舒适度：很舒服，带着不会耳朵疼 其他特色：颜值很高，主要还有很多新的功能
21529131169,2024-10-09 00:34:43,j***N,"[{""颜色"": ""钛光金 ""}]",,否,1,这个颜色真的太高级啦，很喜欢！辨识度拉满，降噪开了之后，周边的杂音真的降低了不少，爱了爱了😍，蓝牙连接也很快！！
21188555880,2024-08-14 21:38:07,不***智,"[{""颜色"": ""冰霜蓝 ""}]",,否,1,做工质感：磨砂质感真的很棒！太爱了！ 音质音效：很带劲，效果非常号 舒适度：很轻，佩戴没有压力的，戴的时间久了也不会难受 续航能力：超长
21719799325,2024-11-07 21:49:46,c***1,"[{""颜色"": ""月影黑 ""}]",,否,1,耳机音质十分清晰，小巧玲珑，材质 做工质感：做工精细，质感不错。 音质音效：音质清晰， 舒适度：大小合适 续航能力：目前看来很好
21100795064,2024-07-24 20:37:32,p***9,"[{""颜色"": ""雪山白 ""}]",,否,1,做工质感：非常好 音质音效：很好 舒适度：舒服 续航能力：很强大 其他特色：性价比超高，连接小米手机很方便，佩戴也很舒适。
21568673379,2024-10-16 16:33:28,e***2,"[{""颜色"": ""冰霜蓝 ""}]",,否,1,音质不错，听音乐很舒适，降噪效果也不错，处理的比较自然，耳朵没有特别压抑的感觉，很轻，佩戴也舒适。
21149506319,2024-08-06 20:55:17,D***殇,"[{""颜色"": ""月影黑 ""}]",,否,1,收到就拆开体验了一下，小米这款耳机做工不错，特别是开关耳机壳我可以玩一天。带着很轻，无不适感。用渡口试听了一下，音质不错。最关键的可以录音，解决了某果的痛点。
21094531210,2024-07-23 10:19:53,D***e,"[{""颜色"": ""钛光金 ""}]",,否,1,等了几天金色，金色确实好看哈哈哈，外观好看，音质很不错，空间音效方位感挺强，耳机也很轻，比之前用的耳机舒适度好很多，通话录音功能挺实用，iOS用户福音
21083350688,2024-07-20 11:14:53,胖***伙,"[{""颜色"": ""月影黑 ""}]",,否,1,耳机太棒了，比之前的版本好太多了，颜色也漂亮，音质无敌，入耳式的太难受了带起来，半入耳比较合适耳朵敏感的人，而且这次升级功能也很强大，完全不输苹果的 AirPods ，推荐推荐！
21612569604,2024-10-22 21:56:56,袁***宁,"[{""颜色"": ""雪山白 ""}]",,否,1,耳机到货很快，入耳很舒服，音效震撼到我了，真的很棒，颜值爆表，续航还在测试中，耳机的质感很好，用起来也很方便，大部分手机都支持。
21094297789,2024-07-23 09:15:16,天***盾,"[{""颜色"": ""钛光金 ""}]",,否,1,不得不说小米这个二级音质真是太好了，降噪很不错，低音沉稳，高音通透，耳机非常轻，续航非常好，做工质感很好，我的耳朵只能带这种半入耳的，
21881926790,2024-12-02 19:35:17,k***哦,"[{""颜色"": ""钛光金 ""}]",,否,1,做工质感：非常的精致，耐打 音质音效：音质音效：音质哈曼卡顿调教，爽死了 舒适度：太舒服了 其他特色：爽 续航能力：牛逼
21084350076,2024-07-20 14:21:14,M***9,"[{""颜色"": ""钛光金 ""}]",,否,1,质量做工都很好，有一说一，小米真的是苹果最好的配件，半入耳式，音质也还不错，只是降噪等于没有，不过半入耳式的也没想着降噪豆事情。 优点：外观无敌，质感极好，戴着也很好看，通话录音这个真的非常非常非常非常的好，音质比airpods好，比qc35这种差 缺点：触摸不怎么灵敏，降噪没有
21092968055,2024-07-22 19:33:01,j***q,"[{""颜色"": ""雪山白 ""}]",,否,1,耳机佩戴对于我这种中耳炎用户来说很友好，音效很不错，连接很稳定，用aptx都很少出现连接问题，白色挺好的，沾指纹不明显。 做工质感：很棒
21085857979,2024-07-20 21:49:05,后***1,"[{""颜色"": ""钛光金 ""}]",,否,1,做工质感：外形圆润手拿着很舒服，细节做的很到位 音质音效：音质很好，是我用过最好的耳机了 舒适度：很满意 续航能力：续航能力：光耳机 几个小时
21225172442,2024-08-20 10:44:20,王***-,"[{""颜色"": ""冰霜蓝 ""}]",,否,1,颜值在线，做工精良。质感不错，非常轻。音质很棒空间音频也非常灵敏。但是半入耳的耳机非常容易掉，不能歪头和剧烈运动。平常还是要小心一点。
21455828485,2024-09-27 23:59:55,8***o,"[{""颜色"": ""钛光金 ""}]",,否,1,钛光金的颜色真的真的太好看了， 做工质感：做工精致，质感高级上档次 音质音效：超级立体声的音效，一戴上之后，如听仙乐耳暂明，且配戴舒适，充电一次可续航6-8小时
22555667343,2025-03-11 21:55:39,6***n,"[{""颜色"": ""钛光金 ""}]",,否,1,半入耳式，音质不错响应速度也非常快，下载以后可以下载小米耳机app详细调音，一次充电续航可以持续一周，综合来说使用体验不错
21113327592,2024-07-28 12:27:56,长***轩,"[{""颜色"": ""雪山白 ""}]",,否,1,小米耳机音质清晰，佩戴舒适，卖家服务热情，发货迅速，非常满意！ 做工质感：好 音质音效：好 舒适度：好 续航能力：好
21692535386,2024-11-03 13:58:47,人***3,"[{""颜色"": ""雪山白 ""}]",,否,1,做工质感：质感不错，符合高端产品外观； 音质音效：低音沉闷有力，高音也不错； 舒适度：佩戴几乎无感，很舒服； 续航能力：续航还可以；
21393559391,2024-09-20 23:09:18,罗***尘,"[{""颜色"": ""雪山白 ""}]",,否,1,做工质感：小米的做工还是很好的 音质音效：音质不错，性价比很高 舒适度：佩戴很舒适 续航能力：续航也可以，满足日常生活需要
21290544515,2024-08-28 20:38:37,s***n,"[{""颜色"": ""雪山白 ""}]",,否,1,做工质感：磁吸设计很方便，易于清洁 音质音效：音质也很好 舒适度：半入耳的虽然没有入耳的牢固，但是不会撑得耳朵痛
22878301978,2025-04-09 19:42:23,j***w,"[{""颜色"": ""钛光金 ""}]",,否,1,外观美质量好，音质出色和苹果手机非常匹配，特别是他的录音功能完美解决了苹果的问题，小米App小米耳机App里面有比较多的设置音效也不错，可调东西比较多，强烈推荐
21109375567,2024-07-27 10:00:54,j***5,"[{""颜色"": ""雪山白 ""}]",,否,1,做工质感：白色很好看容易留刮痕 音质音效：音效很好， 舒适度：第一次用这种戴着很舒服 续航能力：续航没话说单耳佩戴两小时2左右掉了30多的电 其他特色：练接很快，功能很多
22707396136,2025-03-26 11:19:11,j***4,"[{""颜色"": ""雪山白 ""}]",,否,1,朋友使用后推荐的，耳机外形小巧精致，音效很好，在嘈杂的环境里，降燥效果也很好，包装很好，简单大方，发货速度快，值得购买，很喜欢
22119168219,2025-01-07 12:48:28,旭***可,"[{""颜色"": ""钛光金 ""}]",,否,1,之前用的小米buds4降噪效果就不错了，没想到buds5降噪效果更上一个层次了，音质也很不错，低音和高音表现都很不错，买的金色颜值特别高，很喜欢
21712407356,2024-11-06 19:01:41,小***比,"[{""颜色"": ""月影黑 ""}]",,否,1,这款耳机音质真不错，不愧是搭载了aptX Lossless音频技术，提供全链路真无损音频体验。同时，耳机具备智能降噪功能，半入耳式提升佩戴舒适性。单耳仅重4.2g，佩戴很舒服。
21780060334,2024-11-14 10:25:51,橙***9,"[{""颜色"": ""钛光金 ""}]",,否,1,做工质感：很不错 音质音效：效果不错，还可以设置空间效果 舒适度：久戴不累 续航能力：正常模式5小时，开低功耗模式后会长
21264379695,2024-08-24 11:27:53,V***n,"[{""颜色"": ""冰霜蓝 ""}]",,否,1,做工质感：磨砂手感很舒服 音质音效：木耳听不出来，挺好的。降噪也有用。 舒适度：佩戴舒服，不涨。
21142208048,2024-08-04 19:52:37,C***i,"[{""颜色"": ""月影黑 ""}]",,否,1,小米（MI）Xiaomi Buds 5 真无线降噪耳机 半入耳式蓝牙耳机 舒适佩戴 小米华为苹果手机通用（月影黑），设计很轻盈，佩戴很舒适，而且不容易掉落，音效很好。耳机在开降噪的情况下，续航时间在2小时左右，不开降噪的情况下，续航时间在5小时左右，整体续航时间比较长。
22024787337,2024-12-29 13:50:26,u***g,"[{""颜色"": ""月影黑 ""}]",,否,1,🎧耳机好评来啦! 这款耳机真的超赞!音质清晰，低音浑厚，高音明亮，听音乐简直是一种享受。佩戴舒适，长时间使用耳朵也不会疼。外观设计时尚，颜色搭配也很有个性。最重要的是，降噪效果也不错
22381081984,2025-02-14 23:46:47,菜***籽,"[{""颜色"": ""雪山白 ""}]",,否,1,非常好用 就是想买个听着睡觉能侧着的耳机 完全入耳 又好看 完美耳机不错，音质很好，不漏音，还有盒子装，打开时，给我一种高大上的感觉，宝贝不错
21164338504,2024-08-10 09:52:32,o***x,"[{""颜色"": ""雪山白 ""}]",,否,1,买过好几个品牌的蓝牙耳机了，小米的这个确实还不错，做工精致，很轻，戴上很舒服的感觉，音质也不错，比两百左右的蓝牙耳机要好，电池续航还没测试，应该不会和标称相差很大
22127870633,2025-01-08 05:19:59,戴***麒,"[{""颜色"": ""钛光金 ""}]",,否,1,这款小米的耳机性价比非常的高，当时正值京东有活动购买。并且京东的物流服务也很快，刚买的，没过多久就到了。这款小米的耳机配上小米手机。是很棒的，可以实现生态互联。这种耳机戴在耳朵上，耳朵不会堵不会累，非常轻松，并且带有自适应的降噪。
21095493861,2024-07-23 13:04:42,t***e,"[{""颜色"": ""月影黑 ""}]",,否,1,做工质感：很精致，表面光滑 音质音效：和百元耳机区别挺明显 续航能力：日常够用
21126236494,2024-07-31 18:04:44,落***L,"[{""颜色"": ""雪山白 ""}]",,否,1,音质很不错，连接方便，续航很好，物流很快，昨天晚上买，今天中午就到了，第一次买小米的耳机，非常好用，白色很好看
21706301341,2024-11-05 17:22:47,j***7,"[{""颜色"": ""钛光金 ""}]",,否,1,已经到手了，非常精致好用。相比于其他耳机，本次小米耳机收音做的特别好，特别完美。第一次入手小米耳机，其降噪也做得很好。性价比很高。与其他手机系统也比较兼容。
22245895557,2025-01-16 11:59:21,来***粥,"[{""颜色"": ""钛光金 ""}]",,否,1,耳机很好用，款式也很好看超级推荐，而且音质也很好，连苹果手机也很流畅体验感很不错，带上也不会掉，非常非常好，电量也很耐用用了三天还没充电呢？很好
21651959608,2024-10-28 09:43:40,嘿***黑,"[{""颜色"": ""月影黑 ""}]",,否,1,我之前是红米buds5pro出去旅游弄丢了，所以又入手了这款。选它是因为入耳式的实在带不舒服，而且这个样子好看感觉很精致，音质目前没咋听出来，可能我是木耳，前前后后也买了不少耳机了都没觉得音质有啥明显不一样。
21287555896,2024-08-28 07:29:36,教***者,"[{""颜色"": ""月影黑 ""}]",,否,1,小米的忠实粉丝，这款耳机是目前小米出的，相对高端的一款 做工质感：质感非常好，做工很精细，显得很高贵 音质音效：音效很清晰，层次很厚重 续航能力：续航时间长，十分的耐用
21089095780,2024-07-21 19:05:11,j***l,"[{""颜色"": ""冰霜蓝 ""}]",,否,1,又回购了一台的蓝色，晚上下单下午就到了，耳机小巧精美，携带特别方便，充满电连续使用两天，依然没有提示电量不足，而且充电速度相当惊人，再也不用担心电量不足的问题。
21217815776,2024-08-19 12:56:51,j***g,"[{""颜色"": ""冰霜蓝 ""}]",,否,1,这个半入耳式耳机真的超级喜欢，戴上很轻巧完全没有负重压力，真的太喜欢这款耳机的音质了，尤其是还有一个录音功能太好用了，会推荐的。
22182309153,2025-01-12 14:25:06,在***花,"[{""颜色"": ""钛光金 ""}]",,否,1,做工质感：大写的的优秀 音质音效：降噪效果无敌 舒适度：佩戴无压力 续航能力：四五个小时无压力 其他特色：手感特别棒
21526984531,2024-10-08 17:57:20,m***i,"[{""颜色"": ""钛光金 ""}]",,否,1,做工精细，肽光金真的好好看，很有质感，颜值高，音质很好，性价比很高，耳朵带起来舒适度很好
21512329122,2024-10-05 10:02:20,j***3,"[{""颜色"": ""月影黑 ""}]",,否,1,耳机是送给老公的小礼物，很实用，外观很漂亮大气上档次，老公很喜欢音效很好，续航能力也很强，戴在耳朵上也很舒服，不会很膈应非常不错！
21123136857,2024-07-30 23:28:47,怕***学,"[{""颜色"": ""钛光金 ""}]",,否,1,做工质感：很高端的感觉，拿起来的感觉做工很好啊 音质音效：很好，降噪也不错 舒适度：佩戴舒适，入耳感舒服
